ramp_datetime_utc,ramp_end_datetime_utc,time_tag_seconds,ramp_rate_hz_s,ramp_start_freq_hz,ramp_start_freq_ghz,ramp_start_ghz_int,ramp_station_id,source_file,lbl_file
1997-09-19 04:10:06,1997-09-19 04:40:06,1505794206.0,0.870944,7164845290.63832,7.16484529063832,7,15,7261262a.odf,7261262a.lbl
1997-09-19 04:10:06,1997-09-19 04:40:06,1505794206.0,0.870944,7164845290.63832,7.16484529063832,7,45,7261262a.odf,7261262a.lbl
1997-09-19 04:40:06,1997-09-19 05:10:06,1505796006.0,0.9119680000000001,7164846858.33752,7.16484685833752,7,15,7261262a.odf,7261262a.lbl
1997-09-19 04:40:06,1997-09-19 05:10:06,1505796006.0,0.9119680000000001,7164846858.33752,7.16484685833752,7,45,7261262a.odf,7261262a.lbl
1997-09-19 05:10:06,1997-09-19 05:40:06,1505797806.0,0.946176,7164848499.87992,7.16484849987992,7,15,7261262a.odf,7261262a.lbl
1997-09-19 05:10:06,1997-09-19 05:40:06,1505797806.0,0.946176,7164848499.87992,7.16484849987992,7,45,7261262a.odf,7261262a.lbl
1997-09-19 05:40:06,1997-09-19 06:10:06,1505799606.0,0.9743360000000001,7164850202.99672,7.16485020299672,7,15,7261262a.odf,7261262a.lbl
1997-09-19 05:40:06,1997-09-19 06:10:06,1505799606.0,0.9743360000000001,7164850202.99672,7.16485020299672,7,45,7261262a.odf,7261262a.lbl
1997-09-19 06:10:06,1997-09-19 06:26:53,1505801406.0,0.9977600000000001,7164851956.80152,7.16485195680152,7,15,7261262a.odf,7261262a.lbl
1997-09-19 06:10:06,1997-09-19 06:26:53,1505801406.0,0.9977600000000001,7164851956.80152,7.16485195680152,7,45,7261262a.odf,7261262a.lbl
1997-09-19 06:40:06,1997-09-19 07:10:06,1505803206.0,1.018336,7164853752.76952,7.1648537527695195,7,15,7262262a.odf,7262262a.lbl
1997-09-19 06:40:06,1997-09-19 07:10:06,1505803206.0,1.018336,7164853752.76952,7.1648537527695195,7,45,7262262a.odf,7262262a.lbl
1997-09-19 07:10:06,1997-09-19 07:40:06,1505805006.0,1.038912,7164855585.77432,7.16485558577432,7,15,7262262a.odf,7262262a.lbl
1997-09-19 07:10:06,1997-09-19 07:40:06,1505805006.0,1.038912,7164855585.77432,7.16485558577432,7,45,7262262a.odf,7262262a.lbl
1997-09-19 07:40:06,1997-09-19 08:10:06,1505806806.0,1.063424,7164857455.81592,7.16485745581592,7,45,7262262a.odf,7262262a.lbl
1997-09-19 07:40:06,1997-09-19 08:10:06,1505806806.0,1.063424,7164857455.81592,7.16485745581592,7,15,7262262a.odf,7262262a.lbl
1997-09-19 08:10:06,1997-09-19 08:40:06,1505808606.0,1.098048,7164859369.97912,7.16485936997912,7,15,7262262a.odf,7262262a.lbl
1997-09-19 08:10:06,1997-09-19 08:40:06,1505808606.0,1.098048,7164859369.97912,7.16485936997912,7,45,7262262a.odf,7262262a.lbl
1997-09-19 08:40:06,1997-09-19 09:10:06,1505810406.0,1.15168,7164861346.46552,7.1648613464655195,7,45,7262262a.odf,7262262a.lbl
1997-09-19 08:40:06,1997-09-19 09:10:06,1505810406.0,1.15168,7164861346.46552,7.1648613464655195,7,15,7262262a.odf,7262262a.lbl
1997-09-19 09:10:06,1997-09-19 09:40:06,1505812206.0,1.239072,7164863419.48952,7.16486341948952,7,45,7262262a.odf,7262262a.lbl
1997-09-19 09:10:06,1997-09-19 09:40:06,1505812206.0,1.239072,7164863419.48952,7.16486341948952,7,15,7262262a.odf,7262262a.lbl
1997-09-19 09:40:06,1997-09-19 10:10:06,1505814006.0,1.384896,7164865649.81912,7.16486564981912,7,45,7262262a.odf,7262262a.lbl
1997-09-19 09:40:06,1997-09-19 10:10:06,1505814006.0,1.384896,7164865649.81912,7.16486564981912,7,15,7262262a.odf,7262262a.lbl
1997-09-19 10:03:52,1997-09-19 10:48:33,1505815432.0,0.0,7164864016.0,7.164864016,7,65,7262262a.odf,7262262a.lbl
1997-09-19 10:03:52,1997-09-19 10:48:33,1505815432.0,0.0,7164864016.0,7.164864016,7,45,7262262a.odf,7262262a.lbl
1997-09-19 10:03:52,1997-09-19 10:48:33,1505815432.0,0.0,7164864016.0,7.164864016,7,15,7262262a.odf,7262262a.lbl
1997-09-19 10:10:06,1997-09-19 10:17:06,1505815806.0,1.635488,7164868142.63192,7.16486814263192,7,45,7262262a.odf,7262262a.lbl
1997-09-19 10:10:06,1997-09-19 10:17:06,1505815806.0,1.635488,7164868142.63192,7.16486814263192,7,15,7262262a.odf,7262262a.lbl
1997-09-19 10:48:33,1997-09-19 10:50:57,1505818113.0,0.0,7164862985.475552,7.164862985475551,7,65,7262262a.odf,7262262a.lbl
1997-09-19 10:48:33,1997-09-19 10:50:57,1505818113.0,0.0,7164862985.475552,7.164862985475551,7,45,7262262a.odf,7262262a.lbl
1997-09-19 10:48:33,1997-09-19 10:50:57,1505818113.0,0.0,7164862985.475552,7.164862985475551,7,15,7262262a.odf,7262262a.lbl
1997-09-19 10:50:57,1997-09-19 10:53:10,1505818257.0,0.0,7164864016.0,7.164864016,7,65,7262262a.odf,7262262a.lbl
1997-09-19 10:50:57,1997-09-19 10:53:10,1505818257.0,0.0,7164864016.0,7.164864016,7,15,7262262a.odf,7262262a.lbl
1997-09-19 10:50:57,1997-09-19 10:53:10,1505818257.0,0.0,7164864016.0,7.164864016,7,45,7262262a.odf,7262262a.lbl
1997-09-19 10:53:10,1997-09-19 10:53:44,1505818390.0,0.0,7164862985.475552,7.164862985475551,7,65,7262262a.odf,7262262a.lbl
1997-09-19 10:53:10,1997-09-19 10:53:44,1505818390.0,0.0,7164862985.475552,7.164862985475551,7,15,7262262a.odf,7262262a.lbl
1997-09-19 10:53:10,1997-09-19 10:53:44,1505818390.0,0.0,7164862985.475552,7.164862985475551,7,45,7262262a.odf,7262262a.lbl
1997-09-19 10:53:44,1997-09-19 11:32:39,1505818424.0,0.0,7164862985.475552,7.164862985475551,7,45,7262262a.odf,7262262a.lbl
1997-09-19 10:53:44,1997-09-19 11:32:39,1505818424.0,0.0,7164862985.475552,7.164862985475551,7,15,7262262a.odf,7262262a.lbl
1997-09-19 10:53:44,1997-09-19 11:32:39,1505818424.0,0.0,7164862985.475552,7.164862985475551,7,65,7262262a.odf,7262262a.lbl
1997-09-19 11:32:39,1997-09-19 11:32:40,1505820759.0,0.0,7164862985.475552,7.164862985475551,7,15,7262262a.odf,7262262a.lbl
1997-09-19 11:32:39,1997-09-19 11:32:40,1505820759.0,0.0,7164862985.475552,7.164862985475551,7,45,7262262a.odf,7262262a.lbl
1997-09-19 11:32:39,1997-09-19 11:32:40,1505820759.0,0.0,7164862985.475552,7.164862985475551,7,65,7262262a.odf,7262262a.lbl
1997-09-19 11:32:40,1997-09-19 11:54:57,1505820760.0,4.268928,7164862985.475552,7.164862985475551,7,45,7262262a.odf,7262262a.lbl
1997-09-19 11:32:40,1997-09-19 11:54:57,1505820760.0,4.268928,7164862985.475552,7.164862985475551,7,15,7262262a.odf,7262262a.lbl
1997-09-19 11:32:40,1997-09-19 11:54:57,1505820760.0,4.268928,7164862985.475552,7.164862985475551,7,65,7262262a.odf,7262262a.lbl
1997-09-19 11:54:57,1997-09-19 12:11:26,1505822097.0,6.17312,7164868693.032288,7.164868693032288,7,65,7262262a.odf,7262262a.lbl
1997-09-19 11:54:57,1997-09-19 12:11:26,1505822097.0,6.17312,7164868693.032288,7.164868693032288,7,15,7262262a.odf,7262262a.lbl
1997-09-19 11:54:57,1997-09-19 12:11:26,1505822097.0,6.17312,7164868693.032288,7.164868693032288,7,45,7262262a.odf,7262262a.lbl
1997-09-19 12:11:26,1997-09-19 12:25:47,1505823086.0,8.745152000000001,7164874798.247968,7.1648747982479675,7,65,7262262a.odf,7262262a.lbl
1997-09-19 12:11:26,1997-09-19 12:25:47,1505823086.0,8.745152000000001,7164874798.247968,7.1648747982479675,7,15,7262262a.odf,7262262a.lbl
1997-09-19 12:11:26,1997-09-19 12:25:47,1505823086.0,8.745152000000001,7164874798.247968,7.1648747982479675,7,45,7262262a.odf,7262262a.lbl
1997-09-19 12:25:47,1997-09-19 12:45:14,1505823947.0,11.834432,7164882327.82384,7.1648823278238405,7,15,7262262a.odf,7262262a.lbl
1997-09-19 12:25:47,1997-09-19 12:45:14,1505823947.0,11.834432,7164882327.82384,7.1648823278238405,7,45,7262262a.odf,7262262a.lbl
1997-09-19 12:25:47,1997-09-19 12:45:14,1505823947.0,11.834432,7164882327.82384,7.1648823278238405,7,65,7262262a.odf,7262262a.lbl
1997-09-19 12:45:14,1997-09-19 12:50:14,1505825114.0,5.916384,7164896138.605984,7.164896138605984,7,15,7262262a.odf,7262262a.lbl
1997-09-19 12:45:14,1997-09-19 12:50:14,1505825114.0,5.916384,7164896138.605984,7.164896138605984,7,65,7262262a.odf,7262262a.lbl
1997-09-19 12:45:14,1997-09-19 12:50:14,1505825114.0,5.916384,7164896138.605984,7.164896138605984,7,45,7262262a.odf,7262262a.lbl
1997-09-19 12:50:14,1997-09-19 12:53:59,1505825414.0,-4.107328,7164897913.521184,7.164897913521184,7,45,7262262a.odf,7262262a.lbl
1997-09-19 12:50:14,1997-09-19 12:53:59,1505825414.0,-4.107328,7164897913.521184,7.164897913521184,7,15,7262262a.odf,7262262a.lbl
1997-09-19 12:50:14,1997-09-19 12:53:59,1505825414.0,-4.107328,7164897913.521184,7.164897913521184,7,65,7262262a.odf,7262262a.lbl
1997-09-19 12:53:59,1997-09-19 12:56:59,1505825639.0,-15.607552,7164896989.372384,7.164896989372384,7,15,7262262a.odf,7262262a.lbl
1997-09-19 12:53:59,1997-09-19 12:56:59,1505825639.0,-15.607552,7164896989.372384,7.164896989372384,7,65,7262262a.odf,7262262a.lbl
1997-09-19 12:53:59,1997-09-19 12:56:59,1505825639.0,-15.607552,7164896989.372384,7.164896989372384,7,45,7262262a.odf,7262262a.lbl
1997-09-19 12:56:59,1997-09-19 13:00:21,1505825819.0,-27.213984,7164894180.013024,7.164894180013024,7,65,7262262a.odf,7262262a.lbl
1997-09-19 12:56:59,1997-09-19 13:00:21,1505825819.0,-27.213984,7164894180.013024,7.164894180013024,7,15,7262262a.odf,7262262a.lbl
1997-09-19 12:56:59,1997-09-19 13:00:21,1505825819.0,-27.213984,7164894180.013024,7.164894180013024,7,45,7262262a.odf,7262262a.lbl
1997-09-19 13:00:21,1997-09-19 13:05:10,1505826021.0,-37.275616,7164888682.788256,7.164888682788256,7,65,7262262a.odf,7262262a.lbl
1997-09-19 13:00:21,1997-09-19 13:05:10,1505826021.0,-37.275616,7164888682.788256,7.164888682788256,7,15,7262262a.odf,7262262a.lbl
1997-09-19 13:00:21,1997-09-19 13:05:10,1505826021.0,-37.275616,7164888682.788256,7.164888682788256,7,45,7262262a.odf,7262262a.lbl
1997-09-19 13:05:10,1997-09-19 13:09:51,1505826310.0,-39.76416,7164877910.135232,7.164877910135232,7,65,7262262a.odf,7262262a.lbl
1997-09-19 13:05:10,1997-09-19 13:09:51,1505826310.0,-39.76416,7164877910.135232,7.164877910135232,7,45,7262262a.odf,7262262a.lbl
1997-09-19 13:05:10,1997-09-19 13:09:51,1505826310.0,-39.76416,7164877910.135232,7.164877910135232,7,15,7262262a.odf,7262262a.lbl
1997-09-19 13:09:51,1997-09-19 13:14:49,1505826591.0,-32.24528,7164866736.406272,7.164866736406272,7,15,7262262a.odf,7262262a.lbl
1997-09-19 13:09:51,1997-09-19 13:14:49,1505826591.0,-32.24528,7164866736.406272,7.164866736406272,7,45,7262262a.odf,7262262a.lbl
1997-09-19 13:09:51,1997-09-19 13:14:49,1505826591.0,-32.24528,7164866736.406272,7.164866736406272,7,65,7262262a.odf,7262262a.lbl
1997-09-19 13:14:49,1997-09-19 13:19:32,1505826889.0,-24.348192,7164857127.312832,7.164857127312832,7,45,7262262a.odf,7262262a.lbl
1997-09-19 13:14:49,1997-09-19 13:19:32,1505826889.0,-24.348192,7164857127.312832,7.164857127312832,7,65,7262262a.odf,7262262a.lbl
1997-09-19 13:14:49,1997-09-19 13:19:32,1505826889.0,-24.348192,7164857127.312832,7.164857127312832,7,15,7262262a.odf,7262262a.lbl
1997-09-19 13:19:32,1997-09-19 13:25:03,1505827172.0,-17.49472,7164850236.774496,7.164850236774496,7,45,7262262a.odf,7262262a.lbl
1997-09-19 13:19:32,1997-09-19 13:25:03,1505827172.0,-17.49472,7164850236.774496,7.164850236774496,7,65,7262262a.odf,7262262a.lbl
1997-09-19 13:19:32,1997-09-19 13:25:03,1505827172.0,-17.49472,7164850236.774496,7.164850236774496,7,15,7262262a.odf,7262262a.lbl
1997-09-19 13:25:03,1997-09-19 13:31:56,1505827503.0,-11.734368,7164844446.022176,7.164844446022176,7,15,7262262a.odf,7262262a.lbl
1997-09-19 13:25:03,1997-09-19 13:31:56,1505827503.0,-11.734368,7164844446.022176,7.164844446022176,7,65,7262262a.odf,7262262a.lbl
1997-09-19 13:25:03,1997-09-19 13:31:56,1505827503.0,-11.734368,7164844446.022176,7.164844446022176,7,45,7262262a.odf,7262262a.lbl
1997-09-19 13:31:56,1997-09-19 13:34:39,1505827916.0,-7.24576,7164839599.728192,7.164839599728192,7,65,7262262a.odf,7262262a.lbl
1997-09-19 13:31:56,1997-09-19 13:34:39,1505827916.0,-7.24576,7164839599.728192,7.164839599728192,7,15,7262262a.odf,7262262a.lbl
1997-09-19 13:31:56,1997-09-19 13:34:39,1505827916.0,-7.24576,7164839599.728192,7.164839599728192,7,45,7262262a.odf,7262262a.lbl
1997-09-19 13:34:39,1997-09-19 13:35:19,1505828079.0,242.754208,7164838418.669312,7.164838418669311,7,65,7262262a.odf,7262262a.lbl
1997-09-19 13:34:39,1997-09-19 13:35:19,1505828079.0,242.754208,7164838418.669312,7.164838418669311,7,45,7262262a.odf,7262262a.lbl
1997-09-19 13:34:39,1997-09-19 13:35:19,1505828079.0,242.754208,7164838418.669312,7.164838418669311,7,15,7262262a.odf,7262262a.lbl
1997-09-19 13:35:19,1997-09-19 13:35:24,1505828119.0,-7.245664,7164848128.837632,7.164848128837632,7,15,7262262a.odf,7262262a.lbl
1997-09-19 13:35:19,1997-09-19 13:35:24,1505828119.0,-7.245664,7164848128.837632,7.164848128837632,7,65,7262262a.odf,7262262a.lbl
1997-09-19 13:35:19,1997-09-19 13:35:24,1505828119.0,-7.245664,7164848128.837632,7.164848128837632,7,45,7262262a.odf,7262262a.lbl
1997-09-19 13:35:24,1997-09-19 13:36:44,1505828124.0,-257.245728,7164848092.609312,7.164848092609312,7,65,7262262a.odf,7262262a.lbl
1997-09-19 13:35:24,1997-09-19 13:36:44,1505828124.0,-257.245728,7164848092.609312,7.164848092609312,7,45,7262262a.odf,7262262a.lbl
1997-09-19 13:35:24,1997-09-19 13:36:44,1505828124.0,-257.245728,7164848092.609312,7.164848092609312,7,15,7262262a.odf,7262262a.lbl
1997-09-19 13:36:44,1997-09-19 13:36:54,1505828204.0,-7.245856,7164827512.951072,7.164827512951072,7,45,7262262a.odf,7262262a.lbl
1997-09-19 13:36:44,1997-09-19 13:36:54,1505828204.0,-7.245856,7164827512.951072,7.164827512951072,7,65,7262262a.odf,7262262a.lbl
1997-09-19 13:36:44,1997-09-19 13:36:54,1505828204.0,-7.245856,7164827512.951072,7.164827512951072,7,15,7262262a.odf,7262262a.lbl
1997-09-19 13:36:54,1997-09-19 13:37:34,1505828214.0,242.75424,7164827440.492512,7.164827440492512,7,45,7262262a.odf,7262262a.lbl
1997-09-19 13:36:54,1997-09-19 13:37:34,1505828214.0,242.75424,7164827440.492512,7.164827440492512,7,15,7262262a.odf,7262262a.lbl
1997-09-19 13:36:54,1997-09-19 13:37:34,1505828214.0,242.75424,7164827440.492512,7.164827440492512,7,65,7262262a.odf,7262262a.lbl
1997-09-19 13:37:34,1997-09-19 13:40:53,1505828254.0,-7.245728,7164837150.662112,7.1648371506621125,7,65,7262262a.odf,7262262a.lbl
1997-09-19 13:37:34,1997-09-19 13:40:53,1505828254.0,-7.245728,7164837150.662112,7.1648371506621125,7,15,7262262a.odf,7262262a.lbl
1997-09-19 13:37:34,1997-09-19 13:40:53,1505828254.0,-7.245728,7164837150.662112,7.1648371506621125,7,45,7262262a.odf,7262262a.lbl
1997-09-19 13:40:53,1997-09-19 13:54:18,1505828453.0,-3.884224,7164835708.76224,7.16483570876224,7,65,7262262a.odf,7262262a.lbl
1997-09-19 13:40:53,1997-09-19 13:54:18,1505828453.0,-3.884224,7164835708.76224,7.16483570876224,7,45,7262262a.odf,7262262a.lbl
1997-09-19 13:40:53,1997-09-19 13:54:18,1505828453.0,-3.884224,7164835708.76224,7.16483570876224,7,15,7262262a.odf,7262262a.lbl
1997-09-19 13:54:18,1997-09-19 14:16:29,1505829258.0,-1.527552,7164832581.96192,7.16483258196192,7,15,7262262a.odf,7262262a.lbl
1997-09-19 13:54:18,1997-09-19 14:16:29,1505829258.0,-1.527552,7164832581.96192,7.16483258196192,7,45,7262262a.odf,7262262a.lbl
1997-09-19 13:54:18,1997-09-19 14:16:29,1505829258.0,-1.527552,7164832581.96192,7.16483258196192,7,65,7262262a.odf,7262262a.lbl
1997-09-19 14:16:29,1997-09-19 14:46:29,1505830589.0,-0.23459200000000002,7164830548.790208,7.164830548790208,7,15,7262262a.odf,7262262a.lbl
1997-09-19 14:16:29,1997-09-19 14:46:29,1505830589.0,-0.23459200000000002,7164830548.790208,7.164830548790208,7,45,7262262a.odf,7262262a.lbl
1997-09-19 14:16:29,1997-09-19 14:46:29,1505830589.0,-0.23459200000000002,7164830548.790208,7.164830548790208,7,65,7262262a.odf,7262262a.lbl
1997-09-19 14:46:29,1997-09-19 15:16:29,1505832389.0,0.304672,7164830126.524608,7.164830126524608,7,15,7262262a.odf,7262262a.lbl
1997-09-19 14:46:29,1997-09-19 15:16:29,1505832389.0,0.304672,7164830126.524608,7.164830126524608,7,45,7262262a.odf,7262262a.lbl
1997-09-19 14:46:29,1997-09-19 15:16:29,1505832389.0,0.304672,7164830126.524608,7.164830126524608,7,65,7262262a.odf,7262262a.lbl
1997-09-19 15:16:29,1997-09-19 15:29:51,1505834189.0,0.518784,7164830674.934208,7.164830674934208,7,15,7262262a.odf,7262262a.lbl
1997-09-19 15:16:29,1997-09-19 15:29:51,1505834189.0,0.518784,7164830674.934208,7.164830674934208,7,45,7262262a.odf,7262262a.lbl
1997-09-19 15:16:29,1997-09-19 15:29:51,1505834189.0,0.518784,7164830674.934208,7.164830674934208,7,65,7262262a.odf,7262262a.lbl
1997-09-19 15:46:29,1997-09-19 16:16:29,1505835989.0,0.611584,7164831608.745408,7.164831608745408,7,65,7262262b.odf,7262262b.lbl
1997-09-19 15:46:29,1997-09-19 16:16:29,1505835989.0,0.611584,7164831608.745408,7.164831608745408,7,45,7262262b.odf,7262262b.lbl
1997-09-19 15:46:29,1997-09-19 16:16:29,1505835989.0,0.611584,7164831608.745408,7.164831608745408,7,15,7262262b.odf,7262262b.lbl
1997-09-19 16:16:29,1997-09-19 16:46:29,1505837789.0,0.6475200000000001,7164832709.596608,7.164832709596608,7,15,7262262b.odf,7262262b.lbl
1997-09-19 16:16:29,1997-09-19 16:46:29,1505837789.0,0.6475200000000001,7164832709.596608,7.164832709596608,7,45,7262262b.odf,7262262b.lbl
1997-09-19 16:16:29,1997-09-19 16:46:29,1505837789.0,0.6475200000000001,7164832709.596608,7.164832709596608,7,65,7262262b.odf,7262262b.lbl
1997-09-19 16:46:29,1997-09-19 17:16:29,1505839589.0,0.829184,7164833875.132608,7.164833875132609,7,45,7262262b.odf,7262262b.lbl
1997-09-19 16:46:29,1997-09-19 17:16:29,1505839589.0,0.829184,7164833875.132608,7.164833875132609,7,65,7262262b.odf,7262262b.lbl
1997-09-19 16:46:29,1997-09-19 17:16:29,1505839589.0,0.829184,7164833875.132608,7.164833875132609,7,15,7262262b.odf,7262262b.lbl
1997-09-19 17:16:29,1997-09-19 17:29:50,1505841389.0,0.634432,7164835367.663808,7.164835367663808,7,15,7262262b.odf,7262262b.lbl
1997-09-19 17:16:29,1997-09-19 17:29:50,1505841389.0,0.634432,7164835367.663808,7.164835367663808,7,45,7262262b.odf,7262262b.lbl
1997-09-19 17:16:29,1997-09-19 17:29:50,1505841389.0,0.634432,7164835367.663808,7.164835367663808,7,65,7262262b.odf,7262262b.lbl
1997-09-19 17:46:29,1997-09-19 18:16:29,1505843189.0,0.602336,7164836509.641408,7.164836509641408,7,65,7262262c.odf,7262262c.lbl
1997-09-19 17:46:29,1997-09-19 18:16:29,1505843189.0,0.602336,7164836509.641408,7.164836509641408,7,15,7262262c.odf,7262262c.lbl
1997-09-19 18:16:29,1997-09-19 18:46:29,1505844989.0,0.558496,7164837593.846208,7.164837593846207,7,65,7262262c.odf,7262262c.lbl
1997-09-19 18:16:29,1997-09-19 18:46:29,1505844989.0,0.558496,7164837593.846208,7.164837593846207,7,15,7262262c.odf,7262262c.lbl
1997-09-19 18:46:29,1997-09-19 19:16:29,1505846789.0,0.505248,7164838599.139008,7.164838599139007,7,65,7262262c.odf,7262262c.lbl
1997-09-19 18:46:29,1997-09-19 19:16:29,1505846789.0,0.505248,7164838599.139008,7.164838599139007,7,15,7262262c.odf,7262262c.lbl
1997-09-19 19:13:06,1997-09-19 19:15:01,1505848386.0,0.0,7164825593.948672,7.164825593948672,7,15,7262262c.odf,7262262c.lbl
1997-09-19 19:15:01,1997-09-19 19:18:04,1505848501.0,0.40096000000000004,7164825593.948672,7.164825593948672,7,15,7262262c.odf,7262262c.lbl
1997-09-19 19:16:29,1997-09-19 19:46:29,1505848589.0,0.444288,7164839508.585408,7.164839508585408,7,65,7262262c.odf,7262262c.lbl
1997-09-19 19:16:29,1997-09-19 19:46:29,1505848589.0,0.444288,7164839508.585408,7.164839508585408,7,15,7262262c.odf,7262262c.lbl
1997-09-19 19:18:04,1997-09-19 19:44:15,1505848684.0,0.470144,7164825667.324352,7.164825667324353,7,15,7262262c.odf,7262262c.lbl
1997-09-19 19:44:15,1997-09-19 19:44:55,1505850255.0,250.4704,7164826405.920576,7.164826405920576,7,15,7262262c.odf,7262262c.lbl
1997-09-19 19:44:55,1997-09-19 19:45:00,1505850295.0,0.47008000000000005,7164836424.736576,7.164836424736576,7,15,7262262c.odf,7262262c.lbl
1997-09-19 19:45:00,1997-09-19 19:46:20,1505850300.0,-249.529856,7164836427.086976,7.164836427086976,7,15,7262262c.odf,7262262c.lbl
1997-09-19 19:46:20,1997-09-19 19:46:30,1505850380.0,0.470208,7164816464.698496,7.164816464698496,7,15,7262262c.odf,7262262c.lbl
1997-09-19 19:46:29,1997-09-19 19:57:30,1505850389.0,0.399168,7164840308.303808,7.164840308303808,7,15,7262262c.odf,7262262c.lbl
1997-09-19 19:46:29,1997-09-19 19:57:30,1505850389.0,0.399168,7164840308.303808,7.164840308303808,7,65,7262262c.odf,7262262c.lbl
1997-09-19 19:46:30,1997-09-19 19:47:10,1505850390.0,250.470144,7164816469.400576,7.164816469400575,7,15,7262262c.odf,7262262c.lbl
1997-09-19 19:47:10,1997-09-19 19:48:04,1505850430.0,0.470144,7164826488.206336,7.164826488206336,7,15,7262262c.odf,7262262c.lbl
1997-09-19 19:48:04,1997-09-19 19:59:48,1505850484.0,0.5328,7164826513.594112,7.164826513594113,7,15,7262262c.odf,7262262c.lbl
1997-09-19 19:57:30,1997-09-19 19:59:51,1505851050.0,0.0,7164840572.153856,7.164840572153857,7,15,7262262c.odf,7262262c.lbl
1997-09-19 19:57:30,1997-09-19 19:59:51,1505851050.0,0.0,7164840572.153856,7.164840572153857,7,65,7262262c.odf,7262262c.lbl
1997-09-19 20:18:04,1997-09-19 20:48:04,1505852284.0,0.588032,7164827472.634112,7.164827472634112,7,15,7262263a.odf,7262263a.lbl
1997-09-19 20:48:04,1997-09-19 21:18:04,1505854084.0,0.635136,7164828531.091712,7.164828531091712,7,15,7262263a.odf,7262263a.lbl
1997-09-19 21:18:04,1997-09-19 21:48:04,1505855884.0,0.67328,7164829674.336512,7.164829674336511,7,15,7262263a.odf,7262263a.lbl
1997-09-19 21:48:04,1997-09-19 22:18:04,1505857684.0,0.70192,7164830886.240512,7.1648308862405115,7,15,7262263a.odf,7262263a.lbl
1997-09-19 22:18:04,1997-09-19 22:48:04,1505859484.0,0.720576,7164832149.696512,7.164832149696513,7,15,7262263a.odf,7262263a.lbl
1997-09-19 22:48:04,1997-09-19 23:18:04,1505861284.0,0.7399680000000001,7164833446.733312,7.1648334467333115,7,15,7262263a.odf,7262263a.lbl
1997-09-19 23:18:04,1997-09-19 23:48:04,1505863084.0,0.7266560000000001,7164834778.675712,7.164834778675711,7,15,7262263a.odf,7262263a.lbl
1997-09-19 23:48:04,1997-09-20 00:18:04,1505864884.0,0.7140160000000001,7164836086.656512,7.164836086656512,7,15,7262263a.odf,7262263a.lbl
1997-09-20 00:18:04,1997-09-20 00:48:04,1505866684.0,0.691072,7164837371.885312,7.164837371885312,7,15,7262263a.odf,7262263a.lbl
1997-09-20 00:48:04,1997-09-20 00:59:50,1505868484.0,0.658208,7164838615.814912,7.1648386158149115,7,15,7262263a.odf,7262263a.lbl
1997-09-20 01:18:04,1997-09-20 01:48:04,1505870284.0,0.616032,7164839800.589312,7.164839800589312,7,15,7263263a.odf,7263263a.lbl
1997-09-20 01:48:04,1997-09-20 02:18:04,1505872084.0,0.565152,7164840909.446912,7.164840909446911,7,15,7263263a.odf,7263263a.lbl
1997-09-20 02:18:04,1997-09-20 02:48:04,1505873884.0,0.5064960000000001,7164841926.720512,7.164841926720513,7,15,7263263a.odf,7263263a.lbl
1997-09-20 02:27:40,1997-09-20 02:29:26,1505874460.0,0.0,7164829647.199056,7.164829647199055,7,15,7263263a.odf,7263263a.lbl
1997-09-20 02:27:40,1997-09-20 02:29:26,1505874460.0,0.0,7164829647.199056,7.164829647199055,7,45,7263263a.odf,7263263a.lbl
1997-09-20 02:29:26,1997-09-20 02:38:22,1505874566.0,0.5211520000000001,7164829647.199056,7.164829647199055,7,15,7263263a.odf,7263263a.lbl
1997-09-20 02:29:26,1997-09-20 02:38:22,1505874566.0,0.5211520000000001,7164829647.199056,7.164829647199055,7,45,7263263a.odf,7263263a.lbl
1997-09-20 02:38:22,1997-09-20 03:08:22,1505875102.0,0.5763520000000001,7164829926.536528,7.164829926536528,7,15,7263263a.odf,7263263a.lbl
1997-09-20 02:38:22,1997-09-20 03:08:22,1505875102.0,0.5763520000000001,7164829926.536528,7.164829926536528,7,45,7263263a.odf,7263263a.lbl
1997-09-20 02:48:04,1997-09-20 03:18:04,1505875684.0,0.44099200000000005,7164842838.413312,7.164842838413312,7,15,7263263a.odf,7263263a.lbl
1997-09-20 03:08:22,1997-09-20 03:23:25,1505876902.0,0.6235200000000001,7164830963.970128,7.164830963970128,7,45,7263263a.odf,7263263a.lbl
1997-09-20 03:08:22,1997-09-20 03:23:25,1505876902.0,0.6235200000000001,7164830963.970128,7.164830963970128,7,15,7263263a.odf,7263263a.lbl
1997-09-20 03:18:04,1997-09-20 03:24:10,1505877484.0,0.373632,7164843632.198912,7.164843632198911,7,15,7263263a.odf,7263263a.lbl
1997-09-20 03:23:25,1997-09-20 03:24:15,1505877805.0,200.623744,7164831527.008688,7.164831527008688,7,45,7263263a.odf,7263263a.lbl
1997-09-20 03:23:25,1997-09-20 03:24:15,1505877805.0,200.623744,7164831527.008688,7.164831527008688,7,15,7263263a.odf,7263263a.lbl
1997-09-20 03:24:10,1997-09-20 03:37:20,1505877850.0,0.0,7164843768.948224,7.1648437689482245,7,15,7263263a.odf,7263263a.lbl
1997-09-20 03:24:15,1997-09-20 03:25:00,1505877855.0,0.6235200000000001,7164841558.195888,7.164841558195888,7,45,7263263a.odf,7263263a.lbl
1997-09-20 03:24:15,1997-09-20 03:25:00,1505877855.0,0.6235200000000001,7164841558.195888,7.164841558195888,7,15,7263263a.odf,7263263a.lbl
1997-09-20 03:25:00,1997-09-20 03:26:40,1505877900.0,-199.37648,7164841586.254288,7.164841586254288,7,15,7263263a.odf,7263263a.lbl
1997-09-20 03:25:00,1997-09-20 03:26:40,1505877900.0,-199.37648,7164841586.254288,7.164841586254288,7,45,7263263a.odf,7263263a.lbl
1997-09-20 03:26:40,1997-09-20 03:27:40,1505878000.0,0.6235200000000001,7164821648.606288,7.164821648606288,7,45,7263263a.odf,7263263a.lbl
1997-09-20 03:26:40,1997-09-20 03:27:40,1505878000.0,0.6235200000000001,7164821648.606288,7.164821648606288,7,15,7263263a.odf,7263263a.lbl
1997-09-20 03:27:40,1997-09-20 03:28:30,1505878060.0,200.62352,7164821686.017488,7.164821686017487,7,45,7263263a.odf,7263263a.lbl
1997-09-20 03:27:40,1997-09-20 03:28:30,1505878060.0,200.62352,7164821686.017488,7.164821686017487,7,15,7263263a.odf,7263263a.lbl
1997-09-20 03:28:30,1997-09-20 03:38:22,1505878110.0,0.6235200000000001,7164831717.193488,7.164831717193488,7,15,7263263a.odf,7263263a.lbl
1997-09-20 03:28:30,1997-09-20 03:38:22,1505878110.0,0.6235200000000001,7164831717.193488,7.164831717193488,7,45,7263263a.odf,7263263a.lbl
1997-09-20 03:38:22,1997-09-20 04:08:22,1505878702.0,0.6618240000000001,7164832086.317328,7.164832086317328,7,15,7263263a.odf,7263263a.lbl
1997-09-20 03:38:22,1997-09-20 04:08:22,1505878702.0,0.6618240000000001,7164832086.317328,7.164832086317328,7,45,7263263a.odf,7263263a.lbl
1997-09-20 04:08:22,1997-09-20 04:38:22,1505880502.0,0.690624,7164833277.600528,7.164833277600528,7,15,7263263a.odf,7263263a.lbl
1997-09-20 04:08:22,1997-09-20 04:38:22,1505880502.0,0.690624,7164833277.600528,7.164833277600528,7,45,7263263a.odf,7263263a.lbl
1997-09-20 04:38:22,1997-09-20 05:08:22,1505882302.0,0.709376,7164834520.723728,7.164834520723728,7,45,7263263a.odf,7263263a.lbl
1997-09-20 04:38:22,1997-09-20 05:08:22,1505882302.0,0.709376,7164834520.723728,7.164834520723728,7,15,7263263a.odf,7263263a.lbl
1997-09-20 05:08:22,1997-09-20 05:38:22,1505884102.0,0.895552,7164835797.600528,7.164835797600528,7,45,7263263a.odf,7263263a.lbl
1997-09-20 05:08:22,1997-09-20 05:38:22,1505884102.0,0.895552,7164835797.600528,7.164835797600528,7,15,7263263a.odf,7263263a.lbl
1997-09-20 05:38:22,1997-09-20 06:08:22,1505885902.0,0.715712,7164837409.594128,7.164837409594128,7,45,7263263a.odf,7263263a.lbl
1997-09-20 05:38:22,1997-09-20 06:08:22,1505885902.0,0.715712,7164837409.594128,7.164837409594128,7,15,7263263a.odf,7263263a.lbl
1997-09-20 06:08:22,1997-09-20 06:38:22,1505887702.0,0.7031360000000001,7164838697.875728,7.1648386978757275,7,15,7263263a.odf,7263263a.lbl
1997-09-20 06:08:22,1997-09-20 06:38:22,1505887702.0,0.7031360000000001,7164838697.875728,7.1648386978757275,7,45,7263263a.odf,7263263a.lbl
1997-09-20 06:38:22,1997-09-20 07:08:22,1505889502.0,0.68032,7164839963.520528,7.164839963520528,7,15,7263263a.odf,7263263a.lbl
1997-09-20 06:38:22,1997-09-20 07:08:22,1505889502.0,0.68032,7164839963.520528,7.164839963520528,7,45,7263263a.odf,7263263a.lbl
1997-09-20 07:08:22,1997-09-20 07:38:22,1505891302.0,0.647648,7164841188.096528,7.164841188096528,7,45,7263263a.odf,7263263a.lbl
1997-09-20 07:08:22,1997-09-20 07:38:22,1505891302.0,0.647648,7164841188.096528,7.164841188096528,7,15,7263263a.odf,7263263a.lbl
1997-09-20 07:38:22,1997-09-20 08:08:22,1505893102.0,0.605696,7164842353.862928,7.1648423538629284,7,45,7263263a.odf,7263263a.lbl
1997-09-20 07:38:22,1997-09-20 08:08:22,1505893102.0,0.605696,7164842353.862928,7.1648423538629284,7,15,7263263a.odf,7263263a.lbl
1997-09-20 08:08:22,1997-09-20 08:38:22,1505894902.0,0.5551360000000001,7164843444.115728,7.1648434441157285,7,45,7263263a.odf,7263263a.lbl
1997-09-20 08:08:22,1997-09-20 08:38:22,1505894902.0,0.5551360000000001,7164843444.115728,7.1648434441157285,7,15,7263263a.odf,7263263a.lbl
1997-09-20 08:38:22,1997-09-20 09:08:22,1505896702.0,0.496896,7164844443.360528,7.164844443360528,7,45,7263263a.odf,7263263a.lbl
1997-09-20 08:38:22,1997-09-20 09:08:22,1505896702.0,0.496896,7164844443.360528,7.164844443360528,7,15,7263263a.odf,7263263a.lbl
1997-09-20 09:08:22,1997-09-20 09:38:22,1505898502.0,0.43200000000000005,7164845337.773328,7.164845337773328,7,45,7263263a.odf,7263263a.lbl
1997-09-20 09:08:22,1997-09-20 09:38:22,1505898502.0,0.43200000000000005,7164845337.773328,7.164845337773328,7,15,7263263a.odf,7263263a.lbl
1997-09-20 09:38:22,1997-09-20 10:08:22,1505900302.0,0.361536,7164846115.373328,7.1648461153733285,7,45,7263263a.odf,7263263a.lbl
1997-09-20 09:38:22,1997-09-20 10:08:22,1505900302.0,0.361536,7164846115.373328,7.1648461153733285,7,15,7263263a.odf,7263263a.lbl
1997-09-20 10:08:22,1997-09-20 10:38:22,1505902102.0,0.28672000000000003,7164846766.138128,7.164846766138128,7,45,7263263a.odf,7263263a.lbl
1997-09-20 10:08:22,1997-09-20 10:38:22,1505902102.0,0.28672000000000003,7164846766.138128,7.164846766138128,7,15,7263263a.odf,7263263a.lbl
1997-09-20 10:38:22,1997-09-20 11:08:22,1505903902.0,0.20889600000000003,7164847282.234128,7.164847282234128,7,45,7263263a.odf,7263263a.lbl
1997-09-20 10:38:22,1997-09-20 11:08:22,1505903902.0,0.20889600000000003,7164847282.234128,7.164847282234128,7,15,7263263a.odf,7263263a.lbl
1997-09-20 11:05:20,1997-09-20 11:32:23,1505905520.0,0.0,7164831915.886752,7.164831915886752,7,45,7263263a.odf,7263263a.lbl
1997-09-20 11:05:20,1997-09-20 11:32:23,1505905520.0,0.0,7164831915.886752,7.164831915886752,7,65,7263263a.odf,7263263a.lbl
1997-09-20 11:05:20,1997-09-20 11:32:23,1505905520.0,0.0,7164831915.886752,7.164831915886752,7,15,7263263a.odf,7263263a.lbl
1997-09-20 11:08:22,1997-09-20 11:38:22,1505905702.0,0.132416,7164847658.246928,7.164847658246928,7,15,7263263a.odf,7263263a.lbl
1997-09-20 11:08:22,1997-09-20 11:38:22,1505905702.0,0.132416,7164847658.246928,7.164847658246928,7,45,7263263a.odf,7263263a.lbl
1997-09-20 11:32:23,1997-09-20 12:02:23,1505907143.0,0.39900800000000003,7164831915.886752,7.164831915886752,7,65,7263263a.odf,7263263a.lbl
1997-09-20 11:32:23,1997-09-20 12:02:23,1505907143.0,0.39900800000000003,7164831915.886752,7.164831915886752,7,45,7263263a.odf,7263263a.lbl
1997-09-20 11:32:23,1997-09-20 12:02:23,1505907143.0,0.39900800000000003,7164831915.886752,7.164831915886752,7,15,7263263a.odf,7263263a.lbl
1997-09-20 11:38:22,1997-09-20 11:49:25,1505907502.0,0.059904000000000006,7164847896.595728,7.164847896595728,7,45,7263263a.odf,7263263a.lbl
1997-09-20 11:38:22,1997-09-20 11:49:25,1505907502.0,0.059904000000000006,7164847896.595728,7.164847896595728,7,15,7263263a.odf,7263263a.lbl
1997-09-20 12:02:23,1997-09-20 12:04:15,1505908943.0,0.463104,7164832634.101152,7.164832634101153,7,65,7263263a.odf,7263263a.lbl
1997-09-20 12:02:23,1997-09-20 12:04:15,1505908943.0,0.463104,7164832634.101152,7.164832634101153,7,15,7263263a.odf,7263263a.lbl
1997-09-20 12:02:23,1997-09-20 12:04:15,1505908943.0,0.463104,7164832634.101152,7.164832634101153,7,45,7263263a.odf,7263263a.lbl
1997-09-20 12:04:15,1997-09-20 12:04:55,1505909055.0,250.463072,7164832685.9688,7.1648326859688,7,45,7263263a.odf,7263263a.lbl
1997-09-20 12:04:15,1997-09-20 12:04:55,1505909055.0,250.463072,7164832685.9688,7.1648326859688,7,65,7263263a.odf,7263263a.lbl
1997-09-20 12:04:15,1997-09-20 12:04:55,1505909055.0,250.463072,7164832685.9688,7.1648326859688,7,15,7263263a.odf,7263263a.lbl
1997-09-20 12:04:55,1997-09-20 12:05:00,1505909095.0,0.463168,7164842704.49168,7.16484270449168,7,45,7263263a.odf,7263263a.lbl
1997-09-20 12:04:55,1997-09-20 12:05:00,1505909095.0,0.463168,7164842704.49168,7.16484270449168,7,15,7263263a.odf,7263263a.lbl
1997-09-20 12:04:55,1997-09-20 12:05:00,1505909095.0,0.463168,7164842704.49168,7.16484270449168,7,65,7263263a.odf,7263263a.lbl
1997-09-20 12:05:00,1997-09-20 12:06:20,1505909100.0,-249.53696,7164842706.80752,7.16484270680752,7,45,7263263a.odf,7263263a.lbl
1997-09-20 12:05:00,1997-09-20 12:06:20,1505909100.0,-249.53696,7164842706.80752,7.16484270680752,7,65,7263263a.odf,7263263a.lbl
1997-09-20 12:05:00,1997-09-20 12:06:20,1505909100.0,-249.53696,7164842706.80752,7.16484270680752,7,15,7263263a.odf,7263263a.lbl
1997-09-20 12:06:20,1997-09-20 12:06:30,1505909180.0,0.46288,7164822743.85072,7.164822743850721,7,45,7263263a.odf,7263263a.lbl
1997-09-20 12:06:20,1997-09-20 12:06:30,1505909180.0,0.46288,7164822743.85072,7.164822743850721,7,65,7263263a.odf,7263263a.lbl
1997-09-20 12:06:20,1997-09-20 12:06:30,1505909180.0,0.46288,7164822743.85072,7.164822743850721,7,15,7263263a.odf,7263263a.lbl
1997-09-20 12:06:30,1997-09-20 12:07:10,1505909190.0,250.463008,7164822748.47952,7.16482274847952,7,15,7263263a.odf,7263263a.lbl
1997-09-20 12:06:30,1997-09-20 12:07:10,1505909190.0,250.463008,7164822748.47952,7.16482274847952,7,45,7263263a.odf,7263263a.lbl
1997-09-20 12:06:30,1997-09-20 12:07:10,1505909190.0,250.463008,7164822748.47952,7.16482274847952,7,65,7263263a.odf,7263263a.lbl
1997-09-20 12:07:10,1997-09-20 12:32:23,1505909230.0,0.46300800000000003,7164832766.99984,7.16483276699984,7,65,7263263a.odf,7263263a.lbl
1997-09-20 12:07:10,1997-09-20 12:32:23,1505909230.0,0.46300800000000003,7164832766.99984,7.16483276699984,7,45,7263263a.odf,7263263a.lbl
1997-09-20 12:07:10,1997-09-20 12:32:23,1505909230.0,0.46300800000000003,7164832766.99984,7.16483276699984,7,15,7263263a.odf,7263263a.lbl
1997-09-20 12:32:23,1997-09-20 12:54:52,1505910743.0,0.52112,7164833467.530944,7.1648334675309435,7,45,7263263a.odf,7263263a.lbl
1997-09-20 12:32:23,1997-09-20 12:54:52,1505910743.0,0.52112,7164833467.530944,7.1648334675309435,7,15,7263263a.odf,7263263a.lbl
1997-09-20 12:32:23,1997-09-20 12:54:52,1505910743.0,0.52112,7164833467.530944,7.1648334675309435,7,65,7263263a.odf,7263263a.lbl
1997-09-20 13:02:23,1997-09-20 13:32:23,1505912543.0,0.57232,7164834405.546944,7.1648344055469435,7,45,7263263b.odf,7263263b.lbl
1997-09-20 13:02:23,1997-09-20 13:32:23,1505912543.0,0.57232,7164834405.546944,7.1648344055469435,7,65,7263263b.odf,7263263b.lbl
1997-09-20 13:32:23,1997-09-20 14:02:23,1505914343.0,0.6157440000000001,7164835435.722944,7.164835435722944,7,45,7263263b.odf,7263263b.lbl
1997-09-20 13:32:23,1997-09-20 14:02:23,1505914343.0,0.6157440000000001,7164835435.722944,7.164835435722944,7,65,7263263b.odf,7263263b.lbl
1997-09-20 14:02:23,1997-09-20 14:32:23,1505916143.0,0.6507200000000001,7164836544.062144,7.164836544062144,7,45,7263263b.odf,7263263b.lbl
1997-09-20 14:02:23,1997-09-20 14:32:23,1505916143.0,0.6507200000000001,7164836544.062144,7.164836544062144,7,65,7263263b.odf,7263263b.lbl
1997-09-20 14:32:23,1997-09-20 14:54:53,1505917943.0,0.676736,7164837715.358144,7.164837715358144,7,65,7263263b.odf,7263263b.lbl
1997-09-20 14:32:23,1997-09-20 14:54:53,1505917943.0,0.676736,7164837715.358144,7.164837715358144,7,45,7263263b.odf,7263263b.lbl
1997-09-20 15:02:23,1997-09-20 15:32:23,1505919743.0,0.6933440000000001,7164838933.482944,7.164838933482944,7,45,7263263c.odf,7263263c.lbl
1997-09-20 15:02:23,1997-09-20 15:32:23,1505919743.0,0.6933440000000001,7164838933.482944,7.164838933482944,7,65,7263263c.odf,7263263c.lbl
1997-09-20 15:32:23,1997-09-20 16:02:23,1505921543.0,0.878112,7164840181.502144,7.164840181502144,7,45,7263263c.odf,7263263c.lbl
1997-09-20 15:32:23,1997-09-20 16:02:23,1505921543.0,0.878112,7164840181.502144,7.164840181502144,7,65,7263263c.odf,7263263c.lbl
1997-09-20 16:02:23,1997-09-20 16:32:23,1505923343.0,0.6976640000000001,7164841762.103744,7.164841762103744,7,65,7263263c.odf,7263263c.lbl
1997-09-20 16:02:23,1997-09-20 16:32:23,1505923343.0,0.6976640000000001,7164841762.103744,7.164841762103744,7,45,7263263c.odf,7263263c.lbl
1997-09-20 16:32:23,1997-09-20 17:02:23,1505925143.0,0.685408,7164843017.898944,7.164843017898944,7,45,7263263c.odf,7263263c.lbl
1997-09-20 16:32:23,1997-09-20 17:02:23,1505925143.0,0.685408,7164843017.898944,7.164843017898944,7,65,7263263c.odf,7263263c.lbl
1997-09-20 17:02:23,1997-09-20 17:32:23,1505926943.0,0.663968,7164844251.633344,7.164844251633344,7,45,7263263c.odf,7263263c.lbl
1997-09-20 17:02:23,1997-09-20 17:32:23,1505926943.0,0.663968,7164844251.633344,7.164844251633344,7,65,7263263c.odf,7263263c.lbl
1997-09-20 17:32:23,1997-09-20 18:02:23,1505928743.0,0.633664,7164845446.775744,7.164845446775744,7,45,7263263c.odf,7263263c.lbl
1997-09-20 17:32:23,1997-09-20 18:02:23,1505928743.0,0.633664,7164845446.775744,7.164845446775744,7,65,7263263c.odf,7263263c.lbl
1997-09-20 18:02:23,1997-09-20 18:32:23,1505930543.0,0.595232,7164846587.370944,7.164846587370944,7,65,7263263c.odf,7263263c.lbl
1997-09-20 18:02:23,1997-09-20 18:32:23,1505930543.0,0.595232,7164846587.370944,7.164846587370944,7,45,7263263c.odf,7263263c.lbl
1997-09-20 18:32:23,1997-09-20 18:59:54,1505932343.0,0.5493760000000001,7164847658.788544,7.164847658788544,7,45,7263263c.odf,7263263c.lbl
1997-09-20 18:32:23,1997-09-20 18:59:54,1505932343.0,0.5493760000000001,7164847658.788544,7.164847658788544,7,65,7263263c.odf,7263263c.lbl
